timestamp,open,high,low,close
2014-11-14,0.6294,0.641,0.627,0.638
2014-11-21,0.6381,0.641,0.6352,0.6384
2014-11-28,0.6368,0.6402,0.6317,0.6388
2014-12-05,0.6394,0.642,0.6342,0.6415
2014-12-12,0.6422,0.6432,0.6344,0.636
2014-12-19,0.6355,0.6429,0.6337,0.6396
2015-01-02,0.6397,0.6523,0.6381,0.652
2015-01-09,0.6546,0.6648,0.6525,0.6596
2015-01-16,0.6581,0.6629,0.6548,0.6596
2015-01-23,0.6605,0.6685,0.6573,0.6669
2015-01-30,0.6663,0.667,0.6568,0.6642
2015-02-06,0.6624,0.6667,0.6512,0.6559
2015-02-13,0.6561,0.6577,0.6482,0.649
2015-02-20,0.6486,0.6526,0.6456,0.6489
2015-02-27,0.6495,0.6519,0.6427,0.6482
2015-03-06,0.648,0.6652,0.6479,0.6641
2015-03-13,0.6637,0.68,0.6604,0.678
2015-03-20,0.6776,0.6832,0.6611,0.6686
2015-03-27,0.6682,0.6755,0.6669,0.6713
2015-04-03,0.671,0.67819,0.66892,0.67006
2015-04-10,0.66997,0.68524,0.66724,0.68389
2015-04-17,0.68261,0.68619,0.66415,0.66827
2015-04-24,0.66862,0.67282,0.65807,0.65825
2015-05-01,0.65894,0.66191,0.6453,0.66038
2015-05-08,0.65991,0.66266,0.64424,0.64845
2015-05-15,0.64765,0.64953,0.6324,0.63605
2015-05-22,0.63545,0.64722,0.63504,0.64594
2015-05-29,0.64573,0.65617,0.64486,0.65415
2015-06-05,0.65408,0.65898,0.64757,0.65497
2015-06-12,0.65492,0.65692,0.64143,0.64241
2015-06-19,0.64239,0.64564,0.62783,0.62958
2015-06-26,0.62993,0.63816,0.62859,0.63491
2015-07-03,0.63654,0.64282,0.63347,0.64225
2015-07-10,0.64258,0.65231,0.63986,0.64463
2015-07-17,0.64508,0.64707,0.63803,0.64087
2015-07-24,0.6407,0.64641,0.63812,0.64465
2015-07-31,0.64446,0.64545,0.63744,0.64012
2015-08-07,0.63987,0.64826,0.63906,0.64527
2015-08-14,0.64532,0.64693,0.63858,0.63925
2015-08-21,0.639,0.64252,0.63599,0.63708
2015-08-28,0.63751,0.65188,0.63227,0.64959
2015-09-04,0.64869,0.65952,0.64777,0.65918
2015-09-11,0.65841,0.65927,0.64619,0.64808
2015-09-18,0.64753,0.65242,0.63866,0.64391
2015-09-25,0.64419,0.66029,0.64243,0.65894
2015-10-02,0.65791,0.66187,0.65628,0.65845
2015-10-09,0.65855,0.66056,0.65011,0.65269
2015-10-16,0.65275,0.65792,0.64486,0.64778
2015-10-23,0.64781,0.6533,0.64495,0.6531
2015-10-30,0.65288,0.65593,0.64649,0.64787
2015-11-06,0.64715,0.66544,0.64529,0.66448
2015-11-13,0.66447,0.6649,0.65545,0.65614
2015-11-20,0.65681,0.65974,0.65215,0.65837
2015-11-27,0.65851,0.66536,0.65809,0.66515
2015-12-04,0.66509,0.67096,0.65969,0.66177
2015-12-11,0.66181,0.6685,0.65619,0.65699
2015-12-18,0.65821,0.67266,0.65765,0.67139
2015-12-25,0.67088,0.67544,0.66837,0.66994
2016-01-01,0.67011,0.67963,0.66948,0.67866
2016-01-08,0.6786,0.68929,0.67522,0.689
2016-01-15,0.68944,0.7017,0.68482,0.70156
2016-01-22,0.70127,0.7099,0.69631,0.70084
2016-01-29,0.70086,0.70657,0.69378,0.70184
2016-02-05,0.70249,0.70296,0.68174,0.68926
2016-02-12,0.68955,0.69647,0.68602,0.68946
2016-02-19,0.68953,0.70215,0.68796,0.69413
2016-02-26,0.69938,0.72163,0.69917,0.72089
2016-03-04,0.72135,0.72267,0.70187,0.70259
2016-03-11,0.70311,0.7081,0.69273,0.69538
2016-03-18,0.69549,0.71145,0.68898,0.69073
2016-03-25,0.69134,0.71131,0.69122,0.70809
2016-04-01,0.70748,0.70824,0.69161,0.70269
2016-04-08,0.70334,0.7139,0.69821,0.70751
2016-04-15,0.70785,0.70964,0.69726,0.70359
2016-04-22,0.70578,0.70755,0.69216,0.69424
2016-04-29,0.69186,0.6942,0.68185,0.68447
2016-05-06,0.68532,0.69369,0.67713,0.69314
2016-05-13,0.69303,0.69725,0.6882,0.69625
2016-05-20,0.69675,0.69764,0.68208,0.68928
2016-05-27,0.68973,0.69251,0.67856,0.68389
2016-06-03,0.68415,0.69507,0.67918,0.68893
2016-06-10,0.69135,0.70442,0.68298,0.70123
2016-06-17,0.70286,0.7136,0.69503,0.69591
2016-06-24,0.69025,0.75555,0.66602,0.73092
2016-07-01,0.74266,0.76146,0.73911,0.7535
2016-07-08,0.75275,0.78002,0.75037,0.77221
2016-07-15,0.7728,0.77788,0.74184,0.75872
2016-07-22,0.7555,0.76553,0.75131,0.76277
2016-07-29,0.76084,0.76539,0.75205,0.75576
2016-08-05,0.75639,0.76806,0.74789,0.76491
2016-08-12,0.76482,0.77473,0.76357,0.77384
2016-08-19,0.77465,0.77713,0.75839,0.76481
2016-08-26,0.76502,0.76718,0.75342,0.76118
2016-09-02,0.76153,0.76561,0.74896,0.75219
2016-09-09,0.75224,0.75513,0.74381,0.75327
2016-09-16,0.75427,0.7693,0.74931,0.7691
2016-09-23,0.76805,0.7742,0.76222,0.77128
2016-09-30,0.77098,0.774,0.76582,0.77049
2016-10-07,0.77307,0.83134,0.7724,0.80396
2016-10-14,0.80411,0.82687,0.80366,0.82051
2016-10-21,0.82203,0.82379,0.81122,0.81759
2016-10-28,0.81836,0.82737,0.81521,0.8204
2016-11-04,0.82016,0.82322,0.79656,0.79882
2016-11-11,0.80193,0.80928,0.78903,0.7937
2016-11-18,0.79505,0.81283,0.79412,0.80992
2016-11-25,0.80975,0.81209,0.79912,0.80094
2016-12-02,0.80188,0.80722,0.78489,0.78558
2016-12-09,0.79151,0.79674,0.78286,0.79513
2016-12-16,0.79406,0.80789,0.78575,0.80074
2016-12-23,0.8008,0.81759,0.79988,0.81398
2016-12-30,0.81492,0.81953,0.80752,0.81026
2017-01-06,0.81057,0.8196,0.80454,0.81379
2017-01-13,0.81597,0.82991,0.81197,0.8208
2017-01-20,0.83008,0.83369,0.80531,0.80821
2017-01-27,0.80777,0.80791,0.78909,0.79691
2017-02-03,0.7956,0.80551,0.78709,0.80084
2017-02-10,0.80134,0.80977,0.79493,0.80077
2017-02-17,0.80055,0.80744,0.79696,0.8059
2017-02-24,0.80518,0.80638,0.79556,0.80242
2017-03-03,0.80293,0.8187,0.80144,0.81335
2017-03-10,0.81359,0.82369,0.81297,0.8221
2017-03-17,0.82207,0.82576,0.80614,0.80651
2017-03-24,0.80727,0.81048,0.79809,0.80179
2017-03-31,0.79899,0.80765,0.79264,0.79713
2017-04-07,0.79679,0.8086,0.79657,0.80809
2017-04-14,0.8082,0.80875,0.7953,0.79875
2017-04-21,0.79806,0.79862,0.77757,0.78042
2017-04-28,0.78048,0.78294,0.7713,0.77219
2017-05-05,0.77349,0.77917,0.76995,0.77036
2017-05-12,0.77119,0.7785,0.77002,0.77594
2017-05-19,0.77599,0.77702,0.76643,0.76713
2017-05-26,0.76812,0.78265,0.76693,0.78119
2017-06-02,0.78018,0.78282,0.77397,0.77584
2017-06-09,0.77683,0.79119,0.77063,0.78462
2017-06-16,0.78487,0.79117,0.78022,0.78249
2017-06-23,0.78276,0.79426,0.78045,0.78699
2017-06-30,0.78488,0.78697,0.76739,0.76765
2017-07-07,0.76809,0.77714,0.76795,0.77578
2017-07-14,0.77594,0.78049,0.76254,0.76379
2017-07-21,0.76285,0.77308,0.76204,0.76953
2017-07-28,0.76916,0.76966,0.76005,0.76144
2017-08-04,0.76057,0.76775,0.75414,0.76698
2017-08-11,0.7665,0.77261,0.76572,0.76859
2017-08-18,0.76868,0.77911,0.7679,0.77673
2017-08-25,0.77678,0.7827,0.77434,0.77639
2017-09-01,0.77486,0.77796,0.76961,0.77206
2017-09-08,0.77142,0.77447,0.75628,0.75765
2017-09-15,0.75803,0.75985,0.73457,0.73578
2017-09-22,0.73628,0.74329,0.73447,0.74096
2017-09-29,0.74047,0.74923,0.73684,0.7464
2017-10-06,0.74641,0.76754,0.74634,0.76539
2017-10-13,0.76436,0.76476,0.74989,0.75262
2017-10-20,0.75298,0.76402,0.75123,0.75844
2017-10-27,0.75857,0.76491,0.75303,0.76171
2017-11-03,0.76197,0.76682,0.75086,0.76478
2017-11-10,0.76466,0.76578,0.75591,0.75822
2017-11-17,0.75926,0.76551,0.75424,0.75677
2017-11-24,0.75684,0.75831,0.74849,0.74974
2017-12-01,0.75031,0.75625,0.73804,0.74225
2017-12-08,0.742,0.75018,0.7387,0.74698
2017-12-15,0.74686,0.75174,0.74317,0.75069
2017-12-22,0.75077,0.75127,0.74513,0.74838
2017-12-29,0.74771,0.74927,0.73861,0.74062
2018-01-05,0.7401,0.74083,0.73457,0.73703
2018-01-12,0.73699,0.74297,0.72765,0.72846
2018-01-19,0.72786,0.72832,0.71722,0.72172
2018-01-26,0.71998,0.72163,0.69737,0.70643
2018-02-02,0.70697,0.715,0.70036,0.70808
2018-02-09,0.70949,0.7265,0.70668,0.72325
2018-02-16,0.7232,0.72468,0.70697,0.71288
2018-02-23,0.7126,0.72157,0.71175,0.71576
2018-03-02,0.71589,0.72921,0.71081,0.72446
2018-03-09,0.72435,0.72627,0.71794,0.72207
2018-03-16,0.72179,0.72242,0.71448,0.71766
2018-03-23,0.71715,0.71869,0.70456,0.70767
2018-03-30,0.70654,0.71374,0.70208,0.71347
2018-04-06,0.71256,0.71598,0.70915,0.70971
2018-04-13,0.70966,0.71025,0.69954,0.70248
2018-04-20,0.70231,0.71416,0.69552,0.71415
2018-04-27,0.71402,0.72726,0.71275,0.72584
2018-05-04,0.72591,0.74111,0.72502,0.73915
2018-05-11,0.73866,0.7429,0.73437,0.73843
2018-05-18,0.73815,0.74333,0.73495,0.74245
2018-05-25,0.74208,0.75217,0.74159,0.75196
2018-06-01,0.75124,0.75656,0.74838,0.74934
2018-06-08,0.74898,0.75207,0.74233,0.746
2018-06-15,0.74592,0.75688,0.7439,0.75268
2018-06-22,0.75346,0.76313,0.75107,0.75388
2018-06-29,0.75361,0.76614,0.75229,0.75722
2018-07-06,0.75729,0.76353,0.7524,0.75252
2018-07-13,0.75182,0.76298,0.74834,0.75557
2018-07-20,0.75582,0.77157,0.75231,0.76202
2018-07-27,0.761,0.76488,0.75683,0.76254
2018-08-03,0.76275,0.77061,0.75912,0.76926
2018-08-10,0.76915,0.78581,0.76884,0.78299
2018-08-17,0.78326,0.78952,0.78014,0.78448
2018-08-24,0.7845,0.78549,0.77305,0.77859
2018-08-31,0.77812,0.77936,0.76667,0.77178
2018-09-07,0.77362,0.7818,0.76756,0.77427
2018-09-14,0.77365,0.77531,0.76105,0.7654
2018-09-21,0.76471,0.76577,0.75199,0.76355
2018-09-28,0.76467,0.7691,0.75681,0.76732
2018-10-05,0.76737,0.77378,0.76207,0.76211
2018-10-12,0.7617,0.76752,0.75427,0.76049
2018-10-19,0.76342,0.76846,0.75553,0.76629
2018-10-26,0.76533,0.78258,0.76398,0.77979
2018-11-02,0.77916,0.78748,0.76687,0.77075
2018-11-09,0.76887,0.77161,0.75908,0.77101
2018-11-16,0.77365,0.78562,0.76511,0.77971
2018-11-23,0.77913,0.78339,0.77379,0.78017
2018-11-30,0.78002,0.78575,0.77748,0.78393
2018-12-07,0.78506,0.78972,0.7789,0.78499
2018-12-14,0.78653,0.80129,0.78405,0.79431
2018-12-21,0.79465,0.79516,0.78704,0.79182
2018-12-28,0.79081,0.79241,0.78493,0.78737
2019-01-04,0.78754,0.80367,0.78035,0.78596
2019-01-11,0.78569,0.78692,0.7773,0.77897
2019-01-18,0.77744,0.78766,0.76922,0.77678
2019-01-25,0.7771,0.77951,0.75659,0.75713
2019-02-01,0.75701,0.76654,0.75694,0.76447
2019-02-08,0.76455,0.77755,0.76325,0.77251
2019-02-15,0.77318,0.78302,0.77232,0.77537
2019-02-22,0.77506,0.77555,0.76295,0.76516
2019-03-01,0.76581,0.7662,0.74914,0.75781
2019-03-08,0.75568,0.76977,0.75446,0.76851
2019-03-15,0.77015,0.77153,0.74754,0.7519
2019-03-22,0.75233,0.76863,0.75133,0.75658
2019-03-29,0.75696,0.7701,0.7536,0.76651
2019-04-05,0.76806,0.76985,0.75778,0.76698
2019-04-12,0.76706,0.76741,0.76162,0.76481
2019-04-19,0.76454,0.77037,0.76225,0.76932
2019-04-26,0.7696,0.77716,0.76808,0.77425
2019-05-03,0.77386,0.77485,0.75892,0.7594
2019-05-10,0.75947,0.77102,0.7593,0.76875
2019-05-17,0.76879,0.78643,0.7668,0.78615
2019-05-24,0.78567,0.79328,0.78155,0.78668
2019-05-31,0.78571,0.79613,0.78453,0.79192
2019-06-07,0.79143,0.79283,0.78358,0.78527
2019-06-14,0.78603,0.79487,0.78379,0.79411
2019-06-21,0.79414,0.79954,0.78444,0.78489
2019-06-28,0.78463,0.78974,0.78323,0.78738
2019-07-05,0.7874,0.80122,0.787,0.79877
2019-07-12,0.79823,0.80376,0.79499,0.79554
2019-07-19,0.79529,0.80757,0.79525,0.79967
2019-07-26,0.79957,0.80802,0.79868,0.80755
2019-08-02,0.80768,0.82782,0.80764,0.82255
2019-08-09,0.82312,0.83156,0.81907,0.83136
2019-08-16,0.83121,0.83234,0.82139,0.82336
2019-08-23,0.82257,0.82857,0.81349,0.81389
2019-08-30,0.81498,0.82356,0.81265,0.82238
2019-09-06,0.82229,0.83618,0.80951,0.81452
2019-09-13,0.81393,0.81744,0.79955,0.79955
2019-09-20,0.80025,0.80712,0.79488,0.80196
2019-09-27,0.80172,0.81488,0.79985,0.81349
2019-10-04,0.81349,0.81918,0.80569,0.81123
2019-10-11,0.81078,0.81986,0.78779,0.79112
2019-10-18,0.79113,0.7985,0.76987,0.76987
2019-10-25,0.77479,0.78188,0.76846,0.77937
2019-11-01,0.77938,0.78067,0.77084,0.77266
2019-11-08,0.77304,0.78306,0.77262,0.78285
2019-11-15,0.78177,0.78213,0.77407,0.77522
2019-11-22,0.77418,0.77973,0.77029,0.77898
2019-11-29,0.77821,0.7795,0.77216,0.77322
2019-12-06,0.77443,0.77538,0.75949,0.76165
2019-12-13,0.76131,0.76569,0.73995,0.7499
2019-12-20,0.74937,0.77025,0.74521,0.76894
2019-12-27,0.76942,0.77483,0.76235,0.76455
2020-01-03,0.76453,0.76612,0.75276,0.76373
2020-01-10,0.76508,0.76837,0.75703,0.76543
2020-01-17,0.76713,0.77185,0.7624,0.76842
2020-01-24,0.76907,0.77152,0.76026,0.76496
2020-01-31,0.76478,0.77059,0.75701,0.75752
2020-02-07,0.75878,0.77624,0.75844,0.77556
2020-02-14,0.77596,0.77677,0.76518,0.76636
2020-02-21,0.76664,0.77803,0.76604,0.77174
2020-02-28,0.7721,0.7856,0.76818,0.77984
2020-03-06,0.781,0.78475,0.76616,0.76651
2020-03-13,0.7639,0.81458,0.75758,0.81336
2020-03-20,0.80634,0.87608,0.80511,0.85872
2020-03-27,0.86606,0.87339,0.80118,0.80312
2020-04-03,0.8065,0.81909,0.80187,0.81487
2020-04-10,0.81671,0.822,0.80083,0.80308
2020-04-17,0.80226,0.80591,0.79067,0.79953
2020-04-24,0.80051,0.81632,0.80039,0.80852
2020-05-01,0.80877,0.80905,0.79116,0.80038
2020-05-08,0.8027,0.81506,0.80108,0.80584
2020-05-15,0.80606,0.82623,0.80408,0.82621
2020-05-22,0.82705,0.82783,0.81343,0.82196
2020-05-29,0.82069,0.82221,0.80686,0.80959
2020-06-05,0.81004,0.81037,0.78575,0.78931
2020-06-12,0.78757,0.80159,0.78059,0.79683
2020-06-19,0.7992,0.81066,0.78817,0.80985
2020-06-26,0.80988,0.81187,0.7974,0.8105
2020-07-03,0.81029,0.81612,0.79811,0.80107
2020-07-10,0.80197,0.80228,0.78932,0.7923
2020-07-17,0.79129,0.80132,0.7895,0.79563
2020-07-24,0.7957,0.79881,0.78102,0.78121
2020-07-31,0.78174,0.7822,0.75933,0.76433
2020-08-07,0.76292,0.77022,0.75842,0.76587
2020-08-14,0.76636,0.76889,0.76093,0.76381
2020-08-21,0.76355,0.76549,0.75368,0.76392
2020-08-28,0.76351,0.76631,0.7488,0.74911
2020-09-04,0.74925,0.75884,0.74179,0.75313
2020-09-11,0.7545,0.78324,0.75424,0.78136
2020-09-18,0.78133,0.78185,0.76885,0.77382
2020-09-25,0.77319,0.7887,0.77111,0.78466
2020-10-02,0.78363,0.78415,0.77055,0.77293
2020-10-09,0.77366,0.77821,0.76628,0.76628
2020-10-16,0.76734,0.77741,0.76456,0.77468
2020-10-23,0.77494,0.77494,0.75902,0.76698
2020-10-30,0.76601,0.77624,0.7646,0.77213
2020-11-06,0.77323,0.77781,0.7589,0.76041
2020-11-13,0.75955,0.76293,0.753,0.75742
2020-11-20,0.75857,0.75943,0.75126,0.75255
2020-11-27,0.75262,0.75373,0.74639,0.75112
2020-12-04,0.75011,0.75231,0.73869,0.74433
2020-12-11,0.74562,0.76114,0.74421,0.75619
2020-12-18,0.74848,0.75295,0.73398,0.73956
2020-12-25,0.74602,0.75801,0.73425,0.73836
2021-01-01,0.73854,0.74449,0.73072,0.73181
2021-01-08,0.73214,0.73892,0.72973,0.73812
2021-01-15,0.73737,0.74322,0.72959,0.73602
2021-01-22,0.73509,0.73957,0.72752,0.73076
2021-01-29,0.73081,0.73489,0.72679,0.72988
2021-02-05,0.72962,0.73695,0.72688,0.72798
2021-02-12,0.72893,0.73104,0.72128,0.72182
2021-02-19,0.72164,0.72306,0.7125,0.7138
2021-02-26,0.71398,0.71988,0.70374,0.71823
2021-03-05,0.71699,0.72534,0.71369,0.72309
2021-03-12,0.72261,0.72451,0.71413,0.71831
2021-03-19,0.71831,0.72407,0.71431,0.72098
2021-03-26,0.72264,0.73155,0.72061,0.72509
2021-04-02,0.72511,0.72944,0.72187,0.7231
2021-04-09,0.72361,0.73132,0.71846,0.72963
2021-04-16,0.72962,0.73153,0.72244,0.72244
2021-04-23,0.72284,0.72415,0.71382,0.72047
2021-04-30,0.72051,0.72463,0.71554,0.72356
2021-05-07,0.72377,0.7245,0.71398,0.71482
2021-05-14,0.71417,0.71417,0.70596,0.70912
2021-05-21,0.70926,0.71039,0.70249,0.70657
2021-05-28,0.70666,0.70963,0.70334,0.70475
2021-06-04,0.70452,0.71005,0.7019,0.70619
2021-06-11,0.70603,0.71047,0.70473,0.70839
2021-06-18,0.70871,0.72507,0.70765,0.72417
2021-06-25,0.72459,0.72553,0.71424,0.7207
2021-07-02,0.72017,0.72796,0.71754,0.72324
2021-07-09,0.72288,0.72785,0.71901,0.71933
2021-07-16,0.71983,0.7268,0.71891,0.72623
2021-07-23,0.72637,0.73676,0.72531,0.72706
2021-07-30,0.72671,0.72802,0.7151,0.71909
2021-08-06,0.71961,0.72156,0.71646,0.72082
2021-08-13,0.7205,0.72509,0.71981,0.72077
2021-08-20,0.72109,0.73531,0.72078,0.73437
2021-08-27,0.73432,0.73436,0.72567,0.72678
2021-09-03,0.72705,0.72843,0.71979,0.72131
2021-09-10,0.72145,0.72847,0.72001,0.72268
2021-09-17,0.72256,0.72841,0.71881,0.72794
2021-09-24,0.72817,0.73469,0.72729,0.73096
2021-10-01,0.73153,0.74555,0.72839,0.73787
2021-10-08,0.73841,0.73902,0.73225,0.73425
2021-10-15,0.73399,0.73711,0.72606,0.72722
2021-10-22,0.72698,0.72951,0.72283,0.72678
2021-10-29,0.72685,0.73173,0.72306,0.73057
2021-11-05,0.73074,0.74492,0.72996,0.74063
2021-11-12,0.74153,0.74908,0.73499,0.74554
2021-11-19,0.7452,0.74634,0.73992,0.74376
2021-11-26,0.74349,0.75286,0.74338,0.74979
2021-12-03,0.74961,0.75724,0.74791,0.75544
2021-12-10,0.75627,0.75915,0.75248,0.75365
2021-12-17,0.75443,0.75888,0.74775,0.75542
2021-12-24,0.75507,0.75902,0.74423,0.7463
2021-12-31,0.74609,0.74726,0.73804,0.73883
2022-01-07,0.73962,0.74445,0.73537,0.73552
2022-01-14,0.73596,0.739,0.72731,0.73104
2022-01-21,0.73104,0.73829,0.73046,0.73783
2022-01-28,0.73772,0.74852,0.73718,0.74605
2022-02-04,0.74637,0.74703,0.73376,0.73912
2022-02-11,0.73876,0.74141,0.73293,0.73719
2022-02-18,0.73793,0.7414,0.73313,0.73569
2022-02-25,0.7355,0.75332,0.73318,0.74563
2022-03-04,0.75075,0.75738,0.74416,0.75528
2022-03-11,0.75549,0.7677,0.75546,0.76714
2022-03-18,0.76703,0.7694,0.75686,0.75901
2022-03-25,0.75907,0.76223,0.75214,0.75819
2022-04-01,0.75849,0.76605,0.75843,0.76234
2022-04-08,0.76288,0.77018,0.75943,0.76697
2022-04-15,0.76729,0.77075,0.76057,0.76583
2022-04-22,0.76569,0.77986,0.76394,0.77914
2022-04-29,0.77896,0.80567,0.77888,0.79553
2022-05-06,0.79489,0.81452,0.79125,0.81041
2022-05-13,0.81038,0.82239,0.80613,0.8155
2022-05-20,0.81604,0.81856,0.79851,0.80028
2022-05-27,0.80075,0.80172,0.78957,0.79171
2022-06-03,0.79137,0.80271,0.78983,0.80045
2022-06-10,0.80051,0.8129,0.79338,0.81242
2022-06-17,0.81218,0.83773,0.80647,0.81764
2022-06-24,0.81819,0.82187,0.8118,0.81501
2022-07-01,0.81467,0.835,0.81107,0.82624
2022-07-08,0.82636,0.84197,0.82202,0.83085
2022-07-15,0.83091,0.85022,0.83078,0.84273
2022-07-22,0.84249,0.84296,0.82903,0.83346
2022-07-29,0.83304,0.83615,0.81689,0.82095
2022-08-05,0.82106,0.83294,0.81352,0.82846
2022-08-12,0.82876,0.82993,0.81465,0.82381
2022-08-19,0.82401,0.84798,0.82326,0.84578
2022-08-26,0.84583,0.85341,0.84071,0.85243
2022-09-02,0.85238,0.8699,0.85056,0.86844
2022-09-09,0.87027,0.87655,0.85851,0.86304
2022-09-16,0.85932,0.88086,0.85204,0.87544
2022-09-23,0.87552,0.92247,0.87261,0.9211
2022-09-30,0.92383,0.96405,0.89021,0.89557
2022-10-07,0.89416,0.90435,0.87,0.90107
2022-10-14,0.90164,0.91523,0.87916,0.89443
2022-10-21,0.89147,0.90393,0.87436,0.8848
2022-10-28,0.87735,0.88817,0.85867,0.86093
2022-11-04,0.86226,0.89678,0.86124,0.879
2022-11-11,0.88406,0.8854,0.84353,0.84469
2022-11-18,0.84635,0.85361,0.83284,0.84123
2022-11-25,0.84051,0.84889,0.82282,0.82723
2022-12-02,0.82855,0.8402,0.813,0.81349
2022-12-09,0.81417,0.82598,0.81008,0.81524
2022-12-16,0.81525,0.82503,0.8035,0.82373
2022-12-23,0.82282,0.83384,0.8169,0.8298
2022-12-30,0.82916,0.83311,0.82461,0.82669
2023-01-06,0.82661,0.84435,0.82568,0.82674
2023-01-13,0.82734,0.82744,0.81653,0.81741
2023-01-20,0.81826,0.82167,0.80423,0.80654
2023-01-27,0.80628,0.81512,0.80341,0.80667
2023-02-03,0.80704,0.82999,0.80535,0.82961
2023-02-10,0.83075,0.83604,0.82019,0.82921
2023-02-17,0.82872,0.83922,0.816,0.83038
2023-02-24,0.83125,0.83818,0.82339,0.83741
2023-03-03,0.83612,0.83878,0.8235,0.8302
2023-03-10,0.83145,0.84673,0.82575,0.83113
2023-03-17,0.82711,0.83255,0.81945,0.8214
2023-03-24,0.81962,0.8218,0.81014,0.81764
2023-03-31,0.81719,0.81823,0.80497,0.81087
2023-04-07,0.81111,0.81471,0.79865,0.80524
2023-04-14,0.80512,0.80984,0.79705,0.80551
2023-04-21,0.80544,0.80953,0.80175,0.80364
2023-04-28,0.80376,0.80726,0.79467,0.79571
2023-05-05,0.79565,0.80404,0.79046,0.79174
2023-05-12,0.79149,0.80369,0.78868,0.80323
2023-05-19,0.80336,0.80712,0.79701,0.80353
2023-05-26,0.80334,0.81237,0.80174,0.80981
2023-06-02,0.80978,0.81131,0.79714,0.80303
2023-06-09,0.80336,0.80848,0.79425,0.79484
2023-06-16,0.79491,0.80075,0.77835,0.77995
2023-06-23,0.77941,0.78804,0.77903,0.78639
2023-06-30,0.78608,0.79411,0.78376,0.78748
2023-07-07,0.7874,0.78989,0.77821,0.77906
2023-07-14,0.77907,0.78416,0.76088,0.76365
2023-07-21,0.7636,0.78018,0.76185,0.77806
2023-07-28,0.77771,0.78345,0.76949,0.77821
2023-08-04,0.7782,0.79202,0.77692,0.78432
2023-08-11,0.78427,0.78947,0.78054,0.78772
2023-08-18,0.78753,0.79245,0.782,0.78524
2023-08-25,0.78532,0.79681,0.78125,0.79493
2023-09-01,0.79466,0.79595,0.78488,0.79421
2023-09-08,0.79424,0.80332,0.79097,0.80199
2023-09-15,0.80174,0.80775,0.79697,0.80748
2023-09-22,0.80738,0.8175,0.80484,0.81697
2023-09-29,0.81686,0.82565,0.81492,0.81962
2023-10-06,0.81938,0.83041,0.81563,0.8171
2023-10-13,0.8194,0.82484,0.8106,0.82367
2023-10-20,0.82332,0.82698,0.81834,0.8221
2023-10-27,0.82238,0.82851,0.81381,0.82516
2023-11-03,0.82489,0.82698,0.80713,0.80743
2023-11-10,0.80832,0.82045,0.8046,0.81791
2023-11-17,0.81823,0.81847,0.79961,0.80239
2023-11-24,0.80274,0.80341,0.79268,0.79335
2023-12-01,0.7935,0.79416,0.78554,0.78653
2023-12-08,0.7877,0.79968,0.78594,0.79672
2023-12-15,0.79724,0.79992,0.78162,0.78869
2023-12-22,0.78847,0.79281,0.78367,0.78724
2023-12-29,0.786,0.78876,0.77962,0.78537
2024-01-05,0.78625,0.7929,0.78318,0.78608
2024-01-12,0.78666,0.78899,0.78214,0.7843
2024-01-19,0.78479,0.79379,0.78335,0.78712
2024-01-26,0.78802,0.79052,0.78289,0.78728
2024-02-02,0.78762,0.79268,0.78297,0.7917
2024-02-09,0.79161,0.79876,0.79101,0.79181
2024-02-16,0.79188,0.79767,0.78842,0.7937
2024-02-23,0.79333,0.7949,0.78685,0.7892
2024-03-01,0.78877,0.79357,0.78743,0.79027
2024-03-08,0.78993,0.79037,0.77591,0.77774
2024-03-15,0.77778,0.78578,0.77749,0.78508
2024-03-22,0.78505,0.79511,0.78105,0.79371
2024-03-29,0.79392,0.79448,0.78939,0.79211
2024-04-05,0.79181,0.79742,0.78844,0.7913
2024-04-12,0.79152,0.80456,0.78683,0.80313
2024-04-19,0.80308,0.80857,0.80017,0.80838
2024-04-26,0.80808,0.81296,0.79741,0.80058
2024-05-03,0.80023,0.8021,0.7918,0.79704
2024-05-10,0.79674,0.80331,0.79404,0.79842
2024-05-17,0.79849,0.79932,0.78672,0.78704
2024-05-24,0.78727,0.78848,0.78364,0.78499
2024-05-31,0.78482,0.78854,0.78123,0.78503
2024-06-07,0.78481,0.78765,0.78019,0.78594
2024-06-14,0.78571,0.79005,0.7776,0.78828
2024-06-21,0.78833,0.79209,0.78491,0.79082
2024-06-28,0.791,0.7928,0.78724,0.79067
2024-07-05,0.79029,0.79263,0.78018,0.78047
2024-07-12,0.7806,0.78256,0.76977,0.76983
2024-07-19,0.77055,0.7751,0.76661,0.7746
2024-07-26,0.77425,0.77819,0.77263,0.77684
2024-08-02,0.77703,0.78689,0.7759,0.78106
2024-08-09,0.7807,0.78952,0.78029,0.7837
2024-08-16,0.78374,0.78442,0.77241,0.77255
2024-08-23,0.77248,0.7728,0.75592,0.7566
